{
    "train_loss": [
        1.1708509293813554,
        0.7406906112792,
        0.6159890734960163,
        0.5478837283830794,
        0.5028271764043778,
        0.466418175754093,
        0.4391081088119083,
        0.4172988848080711,
        0.3990313974637834,
        0.38128971433828746,
        0.366549845725771,
        0.35533019942896704,
        0.3453524011941183,
        0.33446582697686694,
        0.32648627554613446,
        0.31882269805859004,
        0.3106493288325885,
        0.3034676334451115,
        0.2971604700599398,
        0.29023644827188005,
        0.28703589661726875,
        0.2791254417763816,
        0.2739244191182984,
        0.2725277657310168,
        0.26622472315553636,
        0.26369881469105916,
        0.2603964754986385,
        0.25684302110993673,
        0.2531541497697906,
        0.25006934439852124,
        0.24580501131122073,
        0.24427794795187693,
        0.23966187089681626,
        0.23848664611577988,
        0.23497098147396056,
        0.23208185708712017,
        0.22892403555294824,
        0.22843784957178057,
        0.2250695452094078,
        0.22294236150762392
    ],
    "val_loss": [
        0.8663720233099801,
        0.6878352715855554,
        0.6061143249746352,
        0.5542879852037581,
        0.5170170652487921,
        0.4894414725757781,
        0.46412410726622927,
        0.4444838263212688,
        0.42774178806751495,
        0.41643203033341303,
        0.4024114630525074,
        0.39155435571594843,
        0.38066565872184815,
        0.372156193568593,
        0.3657773946485822,
        0.3574816601143943,
        0.3539634162471408,
        0.3455426647076531,
        0.3396387626254369,
        0.33428248365720115,
        0.3304165025552114,
        0.3253580342682581,
        0.32121166440229565,
        0.317349855246998,
        0.31709597337813605,
        0.3103180505926647,
        0.3089868525900538,
        0.30534592540491196,
        0.30086377244147045,
        0.29850700828764176,
        0.29620435393991923,
        0.2930134760718497,
        0.2917511118073312,
        0.2885445541569165,
        0.29046812301117275,
        0.28412313870494327,
        0.2833172208496502,
        0.280933291760702,
        0.2786799365329364,
        0.27738447373821623
    ],
    "val_acc": [
        0.7309523809523809,
        0.7884920634920635,
        0.8134920634920635,
        0.8277777777777777,
        0.8325396825396826,
        0.8448412698412698,
        0.8507936507936508,
        0.8587301587301587,
        0.8638888888888889,
        0.8662698412698413,
        0.8670634920634921,
        0.8706349206349207,
        0.8781746031746032,
        0.8821428571428571,
        0.8829365079365079,
        0.8849206349206349,
        0.8892857142857142,
        0.8873015873015873,
        0.8912698412698413,
        0.8916666666666667,
        0.8932539682539683,
        0.8948412698412699,
        0.8972222222222223,
        0.8960317460317461,
        0.8956349206349207,
        0.8984126984126984,
        0.8976190476190476,
        0.901984126984127,
        0.9007936507936508,
        0.9011904761904762,
        0.9007936507936508,
        0.9035714285714286,
        0.9023809523809524,
        0.9031746031746032,
        0.9047619047619048,
        0.9047619047619048,
        0.9031746031746032,
        0.905952380952381,
        0.9031746031746032,
        0.9031746031746032
    ],
    "val_f1": [
        0.7264365388307796,
        0.782851671468156,
        0.8095846990843047,
        0.8242571123380943,
        0.8292379600184222,
        0.8419541879049124,
        0.8485168297416389,
        0.856855564246096,
        0.8620706632946714,
        0.8644150132267575,
        0.8652023217754629,
        0.8689012993229789,
        0.8767572201541678,
        0.8806741859364217,
        0.8817722867345803,
        0.8835670791105278,
        0.8878640493747308,
        0.8861277415129045,
        0.890152556300836,
        0.8905059064517501,
        0.8921967302233499,
        0.8937814539673538,
        0.8961887309416667,
        0.8950086617621019,
        0.8944051081210332,
        0.8975327144674489,
        0.8964400133994402,
        0.9010844976771498,
        0.8998969096225843,
        0.9002436282300109,
        0.9000346156902582,
        0.9026869097155524,
        0.9015272376835224,
        0.9022481266249854,
        0.9037099426419988,
        0.9039372221914962,
        0.902387114023834,
        0.9051102149436279,
        0.9024699314966415,
        0.9022797213161828
    ],
    "training_time_seconds": 7698.62442779541
}