{
    "train_loss": [
        0.409548636064643,
        0.21596840595205624,
        0.17253062378556008,
        0.1500952169535652,
        0.13135141142540507,
        0.11963719846237274,
        0.1060844918801671,
        0.11153966322068185,
        0.09746835785252707,
        0.09583822967750685,
        0.08523435468475024,
        0.08251513453230025,
        0.08263511696741695,
        0.08456806079262778,
        0.07096796007383438,
        0.0699938696528238,
        0.07529630451684906,
        0.07243433267114655,
        0.07187596333641855,
        0.06564911905498731,
        0.06945121671472276,
        0.0563395562862593,
        0.06556142122736053,
        0.06723120068273847,
        0.05910788565164521,
        0.0719020503380942,
        0.061383265091313255,
        0.048625764522760635,
        0.053481921423522254,
        0.05350779831882507,
        0.06535537684011081,
        0.051292402675700566,
        0.04917056117029417,
        0.05020515588777406,
        0.055231912067485234,
        0.04344887168161453,
        0.04676492456642408,
        0.04515859980195288,
        0.06092715845221565,
        0.054448414676719244
    ],
    "val_loss": [
        0.2379087815526873,
        0.19857871263797972,
        0.2215256588126991,
        0.18569628442489794,
        0.18532486169022463,
        0.19192433632106548,
        0.2135152023044642,
        0.2202028181115609,
        0.1901185939304086,
        0.2179539120546196,
        0.20793741228581705,
        0.19995923706218968,
        0.25439633482299845,
        0.20456333354721729,
        0.227563165497051,
        0.21163851212457604,
        0.2987263957766697,
        0.21613064097096976,
        0.2775845842397419,
        0.23894140854739246,
        0.2548600102026463,
        0.26568115441272283,
        0.2599791114318076,
        0.2531257582501288,
        0.2886902112221226,
        0.2698862381131266,
        0.2468414956241858,
        0.2534185876271981,
        0.2613687735094663,
        0.2688454834946514,
        0.27495529642986305,
        0.30650619109088667,
        0.2861450729269283,
        0.3293095125126807,
        0.2777897185860319,
        0.3063965813771243,
        0.3280017141116944,
        0.3917322195311627,
        0.31685018139641147,
        0.35605429309390313
    ],
    "val_acc": [
        0.9194444444444444,
        0.9416666666666667,
        0.9222222222222223,
        0.942063492063492,
        0.95,
        0.9492063492063492,
        0.9416666666666667,
        0.9452380952380952,
        0.9535714285714286,
        0.9468253968253968,
        0.9488095238095238,
        0.9555555555555556,
        0.9476190476190476,
        0.948015873015873,
        0.9523809523809523,
        0.9543650793650794,
        0.9373015873015873,
        0.9484126984126984,
        0.9484126984126984,
        0.9535714285714286,
        0.9484126984126984,
        0.9484126984126984,
        0.9488095238095238,
        0.9519841269841269,
        0.9507936507936507,
        0.9503968253968254,
        0.9547619047619048,
        0.9555555555555556,
        0.9543650793650794,
        0.9555555555555556,
        0.9511904761904761,
        0.9507936507936507,
        0.9567460317460318,
        0.9503968253968254,
        0.9547619047619048,
        0.9488095238095238,
        0.9484126984126984,
        0.9468253968253968,
        0.9492063492063492,
        0.9515873015873015
    ],
    "val_f1": [
        0.9196021522743375,
        0.9412932844718164,
        0.9222337493735467,
        0.9418854612214718,
        0.9496549737487553,
        0.9488977445868377,
        0.9413316146577806,
        0.9449288024859439,
        0.9534582630558727,
        0.9463865919434946,
        0.948591815826021,
        0.9553025531776123,
        0.9474167234503543,
        0.9478932537825786,
        0.9520395891029504,
        0.9543524282133568,
        0.936856658177944,
        0.9482306814732469,
        0.9480262477365943,
        0.953323422462747,
        0.9482378901264501,
        0.9481908171885959,
        0.948243620204691,
        0.9513518612828414,
        0.9503525354042438,
        0.9501108210061816,
        0.9545422204182298,
        0.9552276773612597,
        0.9541382309159555,
        0.9553893772873479,
        0.9507844553705396,
        0.9505622978399554,
        0.9564750413165438,
        0.9499979851207433,
        0.9545373935049765,
        0.9486075988905105,
        0.9481031434429689,
        0.946575746539306,
        0.9490796493208707,
        0.951087726235447
    ],
    "training_time_seconds": 7888.908155441284
}