{
    "train_loss": [
        0.5234588345837972,
        0.3320171041384576,
        0.2960113099997952,
        0.2575695055817801,
        0.2382919616405926,
        0.22925785246586042,
        0.2097620105104787,
        0.20893080860139832,
        0.19130116737787686,
        0.1909730321476384,
        0.18405156771815012,
        0.17893415482507813,
        0.1681697790466604,
        0.16779511226784616,
        0.15857672981090015,
        0.16245025073488553,
        0.15944930587023023,
        0.15220793430057783,
        0.15245555751616993,
        0.14497698895514957,
        0.15064533494767687,
        0.1486193459303606,
        0.13666121487816174,
        0.14599968735424299,
        0.13686942298497473,
        0.13945605741843345,
        0.13033072675267857,
        0.13711525452515436,
        0.13804994388705208,
        0.13497198377809827,
        0.13488205316520874,
        0.1272755970084478,
        0.12376123018681057,
        0.12678801537979217,
        0.12497702783771923,
        0.1190461299130841,
        0.12526221457454895,
        0.12252252602151462,
        0.12187413128595503,
        0.122624433490019
    ],
    "val_loss": [
        0.366850298535197,
        0.2964746923015882,
        0.24583878931072023,
        0.2614164786816146,
        0.2508687867468758,
        0.2168119291945625,
        0.24988572222430935,
        0.23034530673866688,
        0.2121800020889269,
        0.20607283425886144,
        0.2018759289922725,
        0.21638079950416939,
        0.21713188761892122,
        0.20637084191865662,
        0.22941930193392884,
        0.21195905229054895,
        0.2006905327635318,
        0.22828364454825142,
        0.20021701633106984,
        0.20954116046511143,
        0.21358353011263037,
        0.22339066463996965,
        0.2175137156500092,
        0.2160918794391205,
        0.21610168660759865,
        0.1964770210729584,
        0.23475224066221714,
        0.23713098672578664,
        0.20717511191961377,
        0.20718882977978878,
        0.24396404479278258,
        0.21566827731587673,
        0.1972136772349936,
        0.21395747926239098,
        0.19944070546799028,
        0.20233442199994695,
        0.24359728086459048,
        0.2410884859927902,
        0.2114725337771695,
        0.21533492857662812
    ],
    "val_acc": [
        0.873015873015873,
        0.901984126984127,
        0.9230158730158731,
        0.9075396825396825,
        0.9242063492063493,
        0.9333333333333333,
        0.917063492063492,
        0.9261904761904762,
        0.9357142857142857,
        0.9365079365079365,
        0.946031746031746,
        0.9353174603174603,
        0.9345238095238095,
        0.9416666666666667,
        0.9285714285714286,
        0.9353174603174603,
        0.9400793650793651,
        0.930952380952381,
        0.9396825396825397,
        0.9400793650793651,
        0.9353174603174603,
        0.9384920634920635,
        0.9349206349206349,
        0.9412698412698413,
        0.9436507936507936,
        0.9412698412698413,
        0.9412698412698413,
        0.9380952380952381,
        0.9428571428571428,
        0.9468253968253968,
        0.9301587301587302,
        0.9424603174603174,
        0.9464285714285714,
        0.9412698412698413,
        0.9456349206349206,
        0.9412698412698413,
        0.9404761904761905,
        0.9436507936507936,
        0.9484126984126984,
        0.9476190476190476
    ],
    "val_f1": [
        0.8719653447898662,
        0.9016832847039766,
        0.9230253257921502,
        0.9061146233513638,
        0.9236546130335416,
        0.9330379103867633,
        0.9161776233692445,
        0.9250698042829427,
        0.9355759720162391,
        0.9360289385305908,
        0.9457994816430575,
        0.9354092230994554,
        0.9341871936591676,
        0.9414464790883049,
        0.9280820968696896,
        0.9346953178873253,
        0.9399143294895551,
        0.9312624526840492,
        0.9394975122458215,
        0.9398958465742266,
        0.9352133415201944,
        0.938248053518647,
        0.934705500880659,
        0.941184740697702,
        0.9433113026213594,
        0.9409022635361523,
        0.9409059631073892,
        0.9378338439490568,
        0.9425856671538347,
        0.9465130574090906,
        0.9300112159645968,
        0.9423718281365433,
        0.946313168866031,
        0.941097302254188,
        0.9453683382066922,
        0.9413902567273661,
        0.9403489907040786,
        0.943404577271186,
        0.948277317441918,
        0.9474619257695845
    ],
    "training_time_seconds": 8450.614127159119
}