{
    "train_loss": [
        1.0270617986482287,
        0.572121831159743,
        0.4665875972263397,
        0.4103172116336368,
        0.37449847753085785,
        0.3469131730851673,
        0.32873704840266516,
        0.3113380716670127,
        0.29701668367026346,
        0.2833681744005945,
        0.27636732617540966,
        0.2664631557843042,
        0.25882845958546985,
        0.2500695099196737,
        0.24482643439892737,
        0.23851518181581347,
        0.23253852147904652,
        0.22472561608467784,
        0.2226777188243374,
        0.21995087003424055,
        0.21562391510085455,
        0.20863450332766487,
        0.20494265449898583,
        0.20132558316228882,
        0.20100713766046932,
        0.1962610399794011,
        0.19391966775532754,
        0.19259270557335445,
        0.19011769945186283,
        0.18880027679223862,
        0.18656236568377133,
        0.18342742368815437,
        0.18093252239955795,
        0.17962237157755429,
        0.17636303130596404,
        0.17473462467628811,
        0.1718152078844252,
        0.17160925224186882,
        0.1699407926154515,
        0.17081189894723514
    ],
    "val_loss": [
        0.6799667840912229,
        0.5224414355225033,
        0.45137420448045884,
        0.4099355044346007,
        0.38192643433336226,
        0.3612676590208023,
        0.344782217556522,
        0.330972902902535,
        0.32128220377933414,
        0.3107808688330272,
        0.30226241023767564,
        0.2950827345252037,
        0.28945178517273495,
        0.2824170645622034,
        0.28071739272702306,
        0.2745746503746699,
        0.27032659937228476,
        0.2706116984287898,
        0.26726451517925376,
        0.2632976222487669,
        0.2588473942958646,
        0.2561599640914845,
        0.25598929688216204,
        0.25207897055716744,
        0.2518328483467774,
        0.2479670523296273,
        0.24899989098073944,
        0.24532430040103104,
        0.24369319026314076,
        0.24372114972285336,
        0.24344398863613606,
        0.24134777845253075,
        0.23968531332082219,
        0.23786548613201058,
        0.23638915516258704,
        0.2350025815209226,
        0.23490664417604132,
        0.23391512257475702,
        0.23368562179661934,
        0.23288661259862165
    ],
    "val_acc": [
        0.7619047619047619,
        0.8257936507936507,
        0.8476190476190476,
        0.8650793650793651,
        0.875,
        0.8841269841269841,
        0.890079365079365,
        0.8952380952380953,
        0.8968253968253969,
        0.9011904761904762,
        0.9011904761904762,
        0.9075396825396825,
        0.9075396825396825,
        0.9099206349206349,
        0.9154761904761904,
        0.9130952380952381,
        0.9154761904761904,
        0.9194444444444444,
        0.9174603174603174,
        0.9198412698412698,
        0.9226190476190477,
        0.9222222222222223,
        0.9218253968253968,
        0.925,
        0.9261904761904762,
        0.9253968253968254,
        0.926984126984127,
        0.928968253968254,
        0.925,
        0.9246031746031746,
        0.9281746031746032,
        0.9297619047619048,
        0.9277777777777778,
        0.9297619047619048,
        0.9281746031746032,
        0.932936507936508,
        0.9317460317460318,
        0.9305555555555556,
        0.930952380952381,
        0.928968253968254
    ],
    "val_f1": [
        0.7587556751083159,
        0.8246303937001871,
        0.8467014076577719,
        0.8644558195734723,
        0.8741243173536967,
        0.8833697833878132,
        0.8893909330911892,
        0.8945739491041956,
        0.8962563775573189,
        0.9010069284861935,
        0.9007403616438863,
        0.9070093714379978,
        0.9072209179545739,
        0.909509957735667,
        0.9152096124340773,
        0.9126316369911066,
        0.9151466421661335,
        0.9193068432953808,
        0.9172541304363371,
        0.9195353723912191,
        0.9223973261951784,
        0.9219178549838191,
        0.9216375274795295,
        0.9247893329323849,
        0.9260497204378093,
        0.9250691926474293,
        0.9267746534456212,
        0.9287751079324811,
        0.9247497194132194,
        0.924173892388359,
        0.9280264611220984,
        0.9295763219931229,
        0.9275541379674846,
        0.9296235400429098,
        0.9279079523509438,
        0.9327430245399385,
        0.9316433483529455,
        0.9303918861228668,
        0.9307246092482502,
        0.9287492627871877
    ],
    "training_time_seconds": 7719.212970018387
}