{
    "train_loss": [
        0.5952772793315706,
        0.41970022226136827,
        0.37272576689720155,
        0.34625171167509894,
        0.32639207468619424,
        0.31099196357859504,
        0.30076970249887497,
        0.29179350151902156,
        0.2855014688675366,
        0.27788329476874973,
        0.27422498386530647,
        0.26870747336319517,
        0.26467320004862455,
        0.2615194325290975,
        0.2576420803510007,
        0.25398682160746483,
        0.25097748718801,
        0.24861758065129083,
        0.2455231979134537,
        0.24365468407197605
    ],
    "val_loss": [
        0.4444496785364454,
        0.38212827860362947,
        0.34816526648780655,
        0.32788652378533567,
        0.3144149977891218,
        0.3066139194109137,
        0.29520224795809813,
        0.2893060529900212,
        0.28199978797208697,
        0.2762932055762836,
        0.27257377986337933,
        0.26835021450524293,
        0.2659252363271893,
        0.2620345715315096,
        0.25920066393261393,
        0.25668460162918244,
        0.25408330396527334,
        0.25373988237882417,
        0.251642842632201,
        0.24951554624038555
    ],
    "val_acc": [
        0.848015873015873,
        0.8654761904761905,
        0.8793650793650793,
        0.8865079365079365,
        0.8926587301587302,
        0.8906746031746032,
        0.9025793650793651,
        0.9037698412698413,
        0.9095238095238095,
        0.9099206349206349,
        0.9126984126984127,
        0.9111111111111111,
        0.9119047619047619,
        0.917063492063492,
        0.9168650793650793,
        0.9164682539682539,
        0.917063492063492,
        0.9196428571428571,
        0.9168650793650793,
        0.9192460317460317
    ],
    "val_f1": [
        0.8461047311770636,
        0.8638867199064485,
        0.8786681639924042,
        0.8857604153905712,
        0.8920608333361869,
        0.8893955653354624,
        0.9021456110035194,
        0.903225947146043,
        0.9090700116970701,
        0.9094456624281378,
        0.9123292386904587,
        0.9105822341441963,
        0.9113402751761748,
        0.9166963025730533,
        0.9165230592276922,
        0.9160218966976522,
        0.9165896504320433,
        0.9192399655547115,
        0.9163734576319881,
        0.9188681291660757
    ],
    "training_time_seconds": 8188.315179347992
}