{
    "train_loss": [
        1.138741720290411,
        0.7328445570809501,
        0.6107066759987483,
        0.5454908959449284,
        0.49929291956008426,
        0.46539990637037487,
        0.4371223809227111,
        0.41473008380049753,
        0.3951633666242872,
        0.37933289763473327,
        0.3653835395971934,
        0.354534806476699,
        0.3435772840938871,
        0.33318477249334727,
        0.3256530491132585,
        0.3161172601438704,
        0.30972221621445245,
        0.3030505198334891,
        0.2956651752903348,
        0.29088124493284834,
        0.2836027685611967,
        0.27956968302291535,
        0.27446578007841865,
        0.2706313520433411,
        0.2685599043255761
    ],
    "val_loss": [
        0.8544202456398616,
        0.6848118857731895,
        0.6040962736757974,
        0.5514967052709489,
        0.5139643592493874,
        0.4861240732291388,
        0.4634862669876644,
        0.4434473360814745,
        0.42802998187049984,
        0.4141903868743351,
        0.40198246704207524,
        0.3909334386624987,
        0.38186673753791384,
        0.3719215999520014,
        0.3653271262607877,
        0.35811844657337855,
        0.3530630921087568,
        0.34529317887056443,
        0.34059299561712475,
        0.3348552350487028,
        0.32999781441120873,
        0.32613821814930627,
        0.32053823551488303,
        0.3191172635271436,
        0.3133553343869391
    ],
    "val_acc": [
        0.7404761904761905,
        0.7869047619047619,
        0.8051587301587302,
        0.8273809523809523,
        0.8408730158730159,
        0.8452380952380952,
        0.8523809523809524,
        0.8591269841269841,
        0.8662698412698413,
        0.8682539682539683,
        0.8718253968253968,
        0.8813492063492063,
        0.878968253968254,
        0.8817460317460317,
        0.8833333333333333,
        0.8865079365079365,
        0.888095238095238,
        0.8928571428571429,
        0.8940476190476191,
        0.8964285714285715,
        0.8976190476190476,
        0.8964285714285715,
        0.8984126984126984,
        0.8984126984126984,
        0.9007936507936508
    ],
    "val_f1": [
        0.7352376100366217,
        0.7821294044413678,
        0.8022362257714386,
        0.8241670736093768,
        0.8385159774652129,
        0.842874727047386,
        0.850079882144001,
        0.8573193957583497,
        0.8650970048514389,
        0.8671246307739401,
        0.8701576695421201,
        0.8800317423020836,
        0.8775921933555213,
        0.8806246063787527,
        0.8819905156515019,
        0.8851356805972589,
        0.8867077140298892,
        0.8917134585879453,
        0.893057929629297,
        0.8954255452216061,
        0.8967427222935843,
        0.8953256372621213,
        0.8974974169217312,
        0.8972444554728775,
        0.8998822278254809
    ],
    "training_time_seconds": 5776.775446891785
}