{
    "train_loss": [
        0.4064479471672149,
        0.22042044909700514,
        0.17248819776707225,
        0.14805196238652107,
        0.1306406522199275,
        0.11811222914192411,
        0.10449804792565012,
        0.11149128591493955,
        0.09603098985694704,
        0.09863722733561955,
        0.08887048193386622,
        0.08421122060408667,
        0.07784913839801909,
        0.07772627545018045,
        0.07770539653443155,
        0.07833806813236267,
        0.07026873159976232,
        0.06499081155846989,
        0.06922518723304309,
        0.07035912715253376,
        0.07553715464614687,
        0.06036294912771573,
        0.06255428918770381,
        0.0661226810443969,
        0.052719937442314055
    ],
    "val_loss": [
        0.2375308850345882,
        0.21884656373914035,
        0.2100805478750743,
        0.18515443541242954,
        0.19882143483356765,
        0.21800586870154687,
        0.19291066246216995,
        0.1884905675831789,
        0.20018251510331653,
        0.21791599286782032,
        0.20008335718667922,
        0.21657430528429347,
        0.25203071343416267,
        0.26426470452224216,
        0.2091153654696889,
        0.2534982568788889,
        0.21438428267150025,
        0.22783047257948028,
        0.2635152163058308,
        0.2778378562475586,
        0.24089669907557698,
        0.2720164621640817,
        0.22425947892587547,
        0.24326045688064787,
        0.24244416772657465
    ],
    "val_acc": [
        0.926984126984127,
        0.9333333333333333,
        0.9412698412698413,
        0.9444444444444444,
        0.9515873015873015,
        0.9432539682539682,
        0.9523809523809523,
        0.9503968253968254,
        0.9464285714285714,
        0.946031746031746,
        0.9444444444444444,
        0.9464285714285714,
        0.9472222222222222,
        0.944047619047619,
        0.9531746031746032,
        0.9416666666666667,
        0.9551587301587302,
        0.948015873015873,
        0.9472222222222222,
        0.9515873015873015,
        0.9515873015873015,
        0.948015873015873,
        0.9555555555555556,
        0.9496031746031746,
        0.9555555555555556
    ],
    "val_f1": [
        0.9266957897757421,
        0.9328530920253618,
        0.9409514891510581,
        0.9441591769160392,
        0.9513816311105737,
        0.943140834963761,
        0.9521455269297778,
        0.9500698414724028,
        0.9460892869223122,
        0.9457603759942591,
        0.9442483541474833,
        0.9459946834808782,
        0.9468539821907115,
        0.9435007981227557,
        0.9526828913459814,
        0.9415673700304311,
        0.9549764078454951,
        0.9476336920787318,
        0.9467835428966082,
        0.9511173347773588,
        0.9512631109624308,
        0.9476374826957664,
        0.9553987488408832,
        0.949012419680613,
        0.9553928929899062
    ],
    "training_time_seconds": 4926.1253254413605
}