{
    "train_loss": [
        0.285512343332881,
        0.2047602434953054,
        0.18498538161317507,
        0.16817319232911346,
        0.16011405690676636,
        0.1555869203829576,
        0.14486045846272083,
        0.14378818625377285,
        0.13894393506149452,
        0.13345085823583225,
        0.12805422826537063,
        0.13003990366936677,
        0.1243456267648273,
        0.12446037509611675,
        0.11924319954973364,
        0.11900070456285325,
        0.1149358752937544,
        0.11138053403960334,
        0.11152268088762722,
        0.11011277340234273
    ],
    "val_loss": [
        0.21477418028230277,
        0.18751128017384971,
        0.1912229282429464,
        0.17736452819201134,
        0.18197510027985406,
        0.17465330282968122,
        0.18989268067738205,
        0.18019874098383645,
        0.19027923790204185,
        0.17893648633418333,
        0.22870634321350117,
        0.18651385002243814,
        0.23681380017254317,
        0.2101874736731314,
        0.20957733061828,
        0.208987653822202,
        0.20646354848004916,
        0.21685911329462662,
        0.21634575360187142,
        0.22740164674429858
    ],
    "val_acc": [
        0.9285714285714286,
        0.9424603174603174,
        0.9412698412698413,
        0.9424603174603174,
        0.9422619047619047,
        0.9454365079365079,
        0.9450396825396825,
        0.9470238095238095,
        0.9458333333333333,
        0.95,
        0.9450396825396825,
        0.9466269841269841,
        0.9434523809523809,
        0.9456349206349206,
        0.9468253968253968,
        0.9430555555555555,
        0.9442460317460317,
        0.9412698412698413,
        0.9464285714285714,
        0.9456349206349206
    ],
    "val_f1": [
        0.9281469543774529,
        0.9421898324372974,
        0.9407456722298407,
        0.9421703877543939,
        0.9421435913063297,
        0.9449985494371141,
        0.9445864346326962,
        0.9466595933345879,
        0.9455142049975066,
        0.9496191036024461,
        0.9445756226513039,
        0.9463283303326305,
        0.9428650071615223,
        0.9452837063364434,
        0.9464893106142432,
        0.9427551988654826,
        0.9438541746209554,
        0.9408539899679749,
        0.9460780685462739,
        0.9452110367306502
    ],
    "training_time_seconds": 8293.31323170662
}