{
    "train_loss": [
        1.0074475015912736,
        0.5551611873838637,
        0.4542180455866314,
        0.4028174327006416,
        0.3685737832198067,
        0.3455969777372148,
        0.32451581692411785,
        0.306387818876713,
        0.29489730466452857,
        0.28422746260960896,
        0.271173921889729,
        0.2655696228856132,
        0.25759051219811513,
        0.2471074667714891,
        0.2439226258960035,
        0.2359219398999971,
        0.23036084331217266,
        0.22633002337718766,
        0.22079967617515533,
        0.21699439877318957,
        0.21569608829560735,
        0.21151556480262015,
        0.2055557099008371,
        0.20442359396626078,
        0.19999592109095482
    ],
    "val_loss": [
        0.6642159732561262,
        0.507439489024026,
        0.44311662647459243,
        0.4093571443879415,
        0.3794034516527539,
        0.35749618552979967,
        0.3411209070020252,
        0.32885515380000313,
        0.3172942315893514,
        0.3089799822322906,
        0.3052188861701224,
        0.296559795642656,
        0.289142251665157,
        0.28663814881491284,
        0.2792683724254843,
        0.2785328621192584,
        0.2727055345381063,
        0.2700007343398673,
        0.27014839170234545,
        0.26340570461064106,
        0.2604201794232404,
        0.25990777232107665,
        0.25789957061291685,
        0.253233726047689,
        0.2524226434824486
    ],
    "val_acc": [
        0.780952380952381,
        0.8305555555555556,
        0.8539682539682539,
        0.861904761904762,
        0.8797619047619047,
        0.8853174603174603,
        0.8873015873015873,
        0.8964285714285715,
        0.8976190476190476,
        0.9023809523809524,
        0.9035714285714286,
        0.9067460317460317,
        0.9111111111111111,
        0.9099206349206349,
        0.9158730158730158,
        0.9119047619047619,
        0.9178571428571428,
        0.9138888888888889,
        0.9166666666666666,
        0.9202380952380952,
        0.9222222222222223,
        0.9202380952380952,
        0.9218253968253968,
        0.9253968253968254,
        0.9253968253968254
    ],
    "val_f1": [
        0.7789350856816513,
        0.8293990413546273,
        0.8527259955692212,
        0.8613803060296871,
        0.8793947775693879,
        0.8848899981893691,
        0.8866634904696947,
        0.8959201068010728,
        0.8970176928745395,
        0.9017911679719716,
        0.9028385414045049,
        0.9064061840143448,
        0.9106035476718238,
        0.9094928567205142,
        0.9155120688526344,
        0.9112358520049426,
        0.9176165325424064,
        0.9133744488930696,
        0.9162414728355972,
        0.9197786287154547,
        0.9218533832658645,
        0.9197875418423589,
        0.921428520032272,
        0.9250400408524815,
        0.9251914036573541
    ],
    "training_time_seconds": 4842.320255041122
}