{
    "train_loss": [
        0.6142280872852083,
        0.37446861484694105,
        0.3265061143490057,
        0.30103244783859406,
        0.2855035369476629,
        0.2733932729160029,
        0.2628331296737232,
        0.2578980397255648,
        0.2512605246925165,
        0.24670970985104168,
        0.24158826394095306,
        0.2371421791021786,
        0.2346216997634324,
        0.23170955311211328,
        0.22881260299020342,
        0.22623552697163726,
        0.22423277601954483,
        0.22256396201158327,
        0.2206759929538719,
        0.21855084877756853
    ],
    "val_loss": [
        0.4058459746577437,
        0.34260232008638836,
        0.31398496320914654,
        0.29882723861152216,
        0.28545006537839535,
        0.27537522991557445,
        0.2687637341519197,
        0.26433114283496423,
        0.25807783619633745,
        0.2536516092540253,
        0.2508226389656701,
        0.2523695632933624,
        0.24948983014753415,
        0.24732155890928376,
        0.2434941791559732,
        0.2400960478429047,
        0.24042761847376823,
        0.24234881631083904,
        0.23676164600229452,
        0.23779508987116435
    ],
    "val_acc": [
        0.8511904761904762,
        0.8773809523809524,
        0.8894841269841269,
        0.8948412698412699,
        0.9021825396825397,
        0.9057539682539683,
        0.9057539682539683,
        0.9111111111111111,
        0.9093253968253968,
        0.9142857142857143,
        0.9152777777777777,
        0.9146825396825397,
        0.9156746031746031,
        0.9166666666666666,
        0.9196428571428571,
        0.9182539682539682,
        0.9204365079365079,
        0.9188492063492063,
        0.9192460317460317,
        0.9206349206349206
    ],
    "val_f1": [
        0.8504192255787114,
        0.8763689038986747,
        0.8889352571373373,
        0.8940858894354555,
        0.9018307697470358,
        0.9052096892719992,
        0.9054345959677755,
        0.910861458755648,
        0.9088669808918963,
        0.9140652274056533,
        0.9150707795694352,
        0.9147220290456849,
        0.9155789079030102,
        0.9163868214622491,
        0.9194688004719124,
        0.9180133781920934,
        0.9201855789195347,
        0.9189101790064879,
        0.9190716527672339,
        0.920447755706705
    ],
    "training_time_seconds": 8220.638311862946
}